dim,coef
0,-0.00930113133420465
1,-0.0014552427192562694
2,-0.005423749995480529
3,0.014382737248801963
4,0.002745899372520322
5,0.0069686776783846605
6,0.008507170715027181
7,-0.0019260088301647359
8,-0.005071810418310069
9,0.0012960720553774406
10,-0.00028432731263761216
11,-0.0012071591551685306
12,-0.0066791502428413625
13,0.0016409708259338563
14,-0.008151959001611931
15,0.009578283208533316
16,0.009335878053206096
17,-0.0033226839439571398
18,-0.005913562927826524
19,-0.005754685077738095
20,-0.008282917584007867
21,0.00559752440430434
22,0.008859755202001772
23,-0.0042133786750775774
24,-0.009649355871654598
25,-0.014919358384519804
26,-0.005953920475456239
27,0.002363874954865242
28,-0.009475913391992337
29,0.0016260343798742496
30,0.008449661102343041
31,-0.004632409499467581
32,-0.005225483208223797
33,-0.005666829055410628
34,0.007243234138717018
35,0.004468586841396174
36,-0.0035292721708530517
37,0.007058207763068964
38,-0.005984883435264032
39,-0.006207887016639249
40,-0.015432826115851951
41,0.01074181315135732
42,-0.007597203328306123
43,-0.006574307168179009
44,-0.0052598385505136375
45,0.001774729562791257
46,-0.009694184291906037
47,0.005652678057214018
48,0.010719248838817128
49,-0.0027154530825536766
50,0.0018441603291355544
51,0.0037422024834778867
52,0.00690048522664285
53,-0.003531250273803077
54,0.005223649324793235
55,0.0033842933097464533
56,0.0038415091376654293
57,-0.005611782924907578
58,0.00853169809521098
59,0.0006441584381682163
60,0.0007619599469602516
61,-0.003644092759132474
62,-0.0029504566904398188
63,-0.004663887255954237
64,-0.0004667228364458177
65,-0.0024366360471294295
66,0.005358035393638465
67,-5.9170670736849896e-05
68,0.006885494301434724
69,-0.000823010232056002
70,0.0017894168015411191
71,0.0034693643005134756
72,0.01289922754648831
73,0.001966602917213373
74,0.007363992014532184
75,-0.007442844906524407
76,-0.006497826110430323
77,-0.0047216326456300285
78,0.004850837161902051
79,0.002018912508418603
80,0.0008922455322653141
81,-0.0014887487514227483
82,-0.006927636278936235
83,0.002032250216437735
84,-0.002928320914541551
85,-0.007957811991068592
86,-0.0049977677056311405
87,0.00640471578131748
88,0.0032458818385075043
89,0.003536976317066438
90,0.001874496245247401
91,-0.0068835827467599595
92,-0.00043855064321139393
93,-0.007859346637892851
94,-0.005375117629295338
95,0.016660796672229767
96,-0.002418492412461846
97,-0.0018728503821543916
98,-0.005201496306057815
99,0.004787375806727884
100,-0.0004975797517241308
101,0.009532896485199642
102,0.012719495781063291
103,0.004595471497257289
104,-0.009847845976712323
105,0.010782714224472039
106,0.012605368891790762
107,-0.0034852859624994017
108,0.00450270756236517
109,-0.008079932313880643
110,0.002110216196334779
111,0.011668645366712633
112,-0.010845795998866968
113,0.0037094756333411576
114,0.011363327419510232
115,-0.005767851373196029
116,0.00613335500937975
117,0.0069296364823575474
118,0.00170409852416381
119,-0.002007628961448756
120,-0.008730547405312919
121,-0.004406801603208617
122,0.004958385351941186
123,-0.004051476467247323
124,0.005212659242981023
125,-0.007542712793275172
126,-0.0046833849204639755
127,-0.011255226129220667
128,0.001092629461403416
129,0.00718097409903383
130,-0.0019244119680806194
131,0.011314771437292828
132,0.00332671787956222
133,0.0013404389244253143
134,0.004205671468251142
135,0.004191952039091162
136,-0.004723386871033389
137,0.013155243936740654
138,0.007798838137934672
139,0.0035143719855574443
140,0.003508920010935093
141,0.0020852328693069582
142,-0.003761145357331209
143,0.0032021697170384854
144,0.010387026088514906
145,-0.005745513367996437
146,-0.010530641410722661
147,0.0015611673128641604
148,-0.0004736289243018751
149,0.007477427405686038
150,-0.00551914268204987
151,-0.005537601045205636
152,-0.0010139278805046308
153,0.002160275866394744
154,-0.00685114082335314
155,0.012523660619375925
156,-0.0015200452461240418
157,-0.0018894292778853551
158,0.003018180095202357
159,-0.0034798496805985447
160,-0.001989912813422847
161,0.0018534831524339276
162,-0.0014240654129970877
163,0.0025911407267139377
164,0.005083849603947673
165,-0.0073047201071749866
166,0.0035943650036562693
167,0.006958855020571494
168,-0.00037261395769048143
169,-0.00914852065762303
170,-1.0472270218517515e-05
171,-0.004260015520658107
172,-0.010278681220369934
173,-0.0038282490658962144
174,-0.006324246317961394
175,-0.0015333014717251166
176,-0.002271219190232645
177,0.002543800523609491
178,0.006393262089455675
179,-0.004978210978217637
180,0.003719661256994955
181,-0.008227019525656812
182,-0.006237579742766913
183,-0.009800950705938878
184,0.003294996903852028
185,-0.0049527365795323875
186,-1.1952126847337227e-05
187,-0.006099473209633256
188,0.00804282777725524
189,0.00031626816465638746
190,0.012225777011342422
191,-0.008386797281204937
192,0.00792449633925935
193,0.001581724263217775
194,0.0037574066458208005
195,-0.00041837258220612996
196,0.009320613400213099
197,0.011716724433217585
198,-0.004558249271288494
199,-0.001999573549586699
200,0.00468258833489021
201,0.0020461496953020466
202,0.00801096176630716
203,-0.005626907798061073
204,0.0010826734303936822
205,0.005220416488299309
206,-0.008180094323210648
207,-0.0003118231648704508
208,0.005265915498947443
209,-0.007852069800138983
210,-0.0042412065251002645
211,0.004604055468887993
212,0.012296020896029849
213,-0.005219957434398054
214,-0.006526703099438277
215,0.006107679709348831
216,0.007507125368357226
217,0.001407109331836903
218,0.0008092708312604074
219,0.005405862850339272
220,0.010041516198129541
221,0.003541151152831584
222,-0.0006772696385955059
223,-0.00987334644187922
224,-0.004767250641532308
225,0.004357095488146193
226,-0.006013860317711879
227,0.005870340798971234
228,0.0032529531887382276
229,0.01084276754918111
230,0.0036528920067355683
231,4.2643570913552495e-06
232,0.0009416425282914688
233,0.005632032136488415
234,-0.006744295053266282
235,0.0016045964171414401
236,0.006733057524884586
237,-0.004925715258717142
238,0.006599436172164335
239,-0.004516105907875873
240,-0.00035793588499039323
241,0.00016330727379978884
242,-0.00046454896848556655
243,0.0034592730048670505
244,-0.00961636370728548
245,0.0009124071771012901
246,-0.003868421040911333
247,-0.0006115442940929073
248,-0.007221118485047565
249,0.007336090000395014
250,0.010824540495863741
251,0.004249977093185417
252,0.00046562524459429057
253,-0.007796533132904463
254,-0.010527295060370302
255,-0.00016294412953263239
256,-0.004904343771199313
257,-0.005263414252326355
258,0.00079332079830028
259,0.008249388966085767
260,-0.009309793884796223
261,0.0057962173452325945
262,0.005315660973234319
263,0.010338164010217553
264,-0.003980049786546033
265,0.003937863966204686
266,-0.0045517084882007635
267,-0.007463290413422371
268,-0.014320406181077506
269,-0.002781694901750545
270,0.007525892960457696
271,0.002585607258850516
272,-0.00433348788684905
273,-0.007970943254068615
274,-0.00019843456310906918
275,0.0008258756427587343
276,-0.006674820241667135
277,-0.005429715001621959
278,-0.009952017838377977
279,-0.0006727775670440372
280,-0.0026302347835311037
281,0.006531302492551979
282,0.0013103946450904588
283,-0.0020162039838744344
284,0.004864531978149686
285,0.009082203513620647
286,0.005350188331361446
287,-1.6739895375437872e-05
288,0.005490864840552959
289,0.008202861092089701
290,0.000570932638801544
291,0.00023888647494299731
292,0.004292167275334629
293,-0.0019299712953481137
294,-0.0025143475105744743
295,-0.008838345606012687
296,-0.0033498203399553285
297,-0.006694908560880583
298,-0.0025737169760086157
299,-0.00026551446232108116
300,0.002578588869269386
301,0.003609296577542005
302,0.002196314351810443
303,-0.010055177578286717
304,-0.00032808900942886914
305,-0.0025224035592423624
306,0.0066907812880276874
307,-0.007229934538489191
308,-0.001182677472288703
309,0.017482014533757705
310,0.010690267210340946
311,-0.003406205336935774
312,0.0041760778525086854
313,-0.010472395957961476
314,-0.0066603356625073605
315,0.007323184282831011
316,0.009021640697717432
317,-0.0033861191794355653
318,0.005752369488785231
319,-0.005721603566938535
320,0.0042327891735991705
321,-0.008277300040873709
322,-0.005526489085911292
323,-0.0039841955050234894
324,-0.003984695248232548
325,0.011977707726964942
326,0.009372271441635851
327,0.010538946304615287
328,0.001728323612040374
329,-0.0010802260386900682
330,0.00626204871102476
331,0.0007214784151399241
332,0.0023365967747558214
333,-0.0038188508101714078
334,-0.0012420999957465516
335,0.002320209307914532
336,-0.0047503282191908875
337,-0.00013145257511139278
338,0.001855241617315782
339,-0.009334378288513433
340,-0.001741820508647249
341,-0.008261294719885954
342,-0.000331023048474783
343,0.0002912457411252368
344,0.0048309076039191766
345,0.000633886326847611
346,0.001988320629900029
347,0.0050964733356751515
348,-0.0072887841661783805
349,-0.007376858956274955
350,0.01003012731549618
351,0.0020511390133597226
352,0.004469835270545725
353,-0.0056871130070951705
354,0.002020758262432038
355,0.0076194969013056845
356,-0.005352530367882046
357,-0.0024748600847868166
358,0.0004279527136577989
359,-0.002544362209360782
360,0.0009135811769685026
361,0.006992059616675736
362,0.005710807627698017
363,-0.008313409995455125
364,0.00125455453011483
365,0.005336316212353811
366,0.01123144735001622
367,0.0027134812914105673
368,-1.047212970628131e-05
369,-0.007330490901241091
370,-0.0020398186613019074
371,0.006560330066269506
372,-0.000620040695525357
373,0.004999071560916058
374,-0.007358509003713421
375,0.009610436346162227
376,-0.001530742281340433
377,-0.0046290483269151046
378,0.0006977409483235988
379,-0.009310489658817667
380,0.0010458982392954788
381,0.00606714186649734
382,-0.005843933821381597
383,0.006081126478924632
384,-0.0014755065728668164
385,-0.0015272572238190572
386,-0.008092860182150354
387,0.005874577998256914
388,-0.007767759421984951
389,-0.010662288160186575
390,0.0027788607567093004
391,0.006963708502937724
392,0.0015559601675121536
393,0.004218612027114054
394,0.002937685919906646
395,-0.003945901094282194
396,-0.004632356506210657
397,0.004963704421997293
398,0.004025248417057923
399,-0.005277687814267534
400,-0.0012985252513692336
401,0.0019016352065839848
402,-0.01206250006336202
403,-0.007962707401756083
404,-0.0034312676579932935
405,-0.002231721477654104
406,-0.0046277328767298535
407,-0.00669697373489489
408,-0.0026683606763266967
409,0.0035215138777689907
410,0.006137139939011823
411,0.0050576709985672786
412,-0.0010461362068490338
413,-0.0049385231282691065
414,0.006363928312814705
415,0.0061576471598819935
416,-0.0031388989478093043
417,0.004727416673141155
418,-0.002212169703282776
419,0.01119138864683413
420,-0.004294638687052901
421,-0.009455944806267309
422,-0.0025888868607494486
423,0.005476465392321614
424,-0.0014911772413481253
425,0.005877025163099008
426,-0.0055703506581477585
427,-0.003121961790424902
428,0.0035054109161761853
429,-0.0017737280811015274
430,-0.008998261267105949
431,0.01328868819240575
432,0.014861962662307025
433,-0.005973799413542737
434,-0.006857469591294364
435,-0.006016567887316866
436,0.008558690874052232
437,-0.0046437654876537015
438,0.0009718105346840859
439,0.004601660179030407
440,-0.002478201283435027
441,0.008291803136898732
442,-0.0031905866993232426
443,0.004734504686949969
444,-0.00756958095723072
445,0.0038774419002593516
446,-0.005092089953220961
447,-0.004620107617003438
448,-0.004541668251691518
449,-0.0015703285869868447
450,-0.0020297094582079323
451,-0.008311108030982717
452,0.006883344593843117
453,-0.004629698147987183
454,0.004295341192698776
455,0.002533247581940093
456,0.005168803281963636
457,-0.008806719406072458
458,0.008491693350958526
459,0.008218513081661525
460,0.0009734476586924453
461,0.008658230828182114
462,-0.011344068882071503
463,0.004582723434051739
464,0.007163227771293627
465,0.0017544458107511178
466,0.008537343527812286
467,0.009512519414941144
468,-0.007583173464880938
469,0.002303855927022969
470,-0.004053175443383273
471,0.0005081909615788403
472,0.0017519231412983672
473,0.01062031675387173
474,0.008193222832022961
475,-0.0022554368220527015
476,-0.0025939520723403525
477,-0.004504614103258631
478,-0.006348527130855737
479,0.002872294859818621
480,-0.003193905822290839
481,-0.0072531943404035735
482,0.0025055499961338912
483,-0.0007559174849192879
484,0.007865130784913198
485,-0.010074218117780845
486,-0.009755215422943834
487,-0.004004203429116925
488,-0.004328660009679829
489,-0.0005032016687890384
490,0.0009751858491218623
491,0.0011791842641830591
492,-0.007227732176052414
493,-0.004570685470545127
494,0.0016411853117783975
495,-0.002651457763475654
496,0.006666208332000507
497,-0.0038224222197900206
498,-0.009034842986158208
499,0.005439307824462106
500,0.010492526517892807
501,-0.002224662742869306
502,0.0038065690725890364
503,0.00027381966302850245
504,0.0008998971948836535
505,0.008436522862607026
506,0.013607384082206906
507,-0.006513832888579901
508,-0.004378367077497111
509,-0.0018214078664485107
510,0.002520263860117415
511,-0.003485628067797668
512,-0.004069589875875905
513,-0.004533313142584359
514,0.005968257040348826
515,0.007023487650837621
516,0.004897480220209039
517,0.0008862072377027714
518,-0.006703135460679519
519,-0.006009078949583257
520,-0.010455989721186028
521,-0.0015702800276825198
522,-0.0025264554969864003
523,-0.004723997605224885
524,-0.007976383318621603
525,-0.002284388431960509
526,0.012920210785497151
527,-0.005269950347825192
528,0.009925589532702978
529,-0.009895703852435857
530,0.00478211927412928
531,-0.0010501634464103135
532,-0.003772281705243853
533,0.005044765096051066
534,4.1161859741673674e-05
535,0.0025285939600123487
536,0.00018017178051008407
537,0.0077085655587936985
538,-0.009281688973474261
539,0.0006282300374545011
540,0.004024291109776995
541,0.005999065423602614
542,0.0028827376895257427
543,0.0014757761953627096
544,-0.006758257028049271
545,0.0012791857853966116
546,0.009235888692108686
547,0.013241458200742545
548,0.006874737398580163
549,-0.0003108159541403366
550,-0.0027958512873396775
551,-0.0034170720371933857
552,-0.0038225833865428165
553,-0.002473081192905324
554,0.0042908173426170265
555,-0.008461660807966565
556,-0.008075680364216142
557,-0.004296987657477119
558,0.009008353193648849
559,0.0009617019189289063
560,0.010384192752436641
561,-0.005650511163258479
562,0.000984086964472086
563,-0.0027728860499074857
564,-0.008568219423239582
565,0.006512293290865699
566,0.011251632206756504
567,0.005379466030013029
568,0.004599369063569494
569,-0.00688366453289694
570,-0.008075354984531444
571,-0.0014317608203058886
572,0.001169827109769515
573,-0.013155175750223805
574,0.001801048195882987
575,0.005672431489260791
576,0.008019741646660014
577,0.009878913553579479
578,0.004828161404491657
579,0.003253494414240516
580,-0.009740095763062197
581,-0.002316732707245713
582,-0.006210552095669226
583,-0.008996625615012266
584,-0.0069745487432176165
585,0.0019131403293275932
586,-0.0002581014743821751
587,-0.008581630527054516
588,-0.00529608062566662
589,-0.007924945494643135
590,0.01009973366766497
591,-0.0051740340851965634
592,-0.006690157548545751
593,-0.00453246656436826
594,0.004672296658928622
595,0.007286298158559421
596,0.005641320570223878
597,-0.002923665499386787
598,-0.008965799782397518
599,0.002036657220734754
600,-0.0014503482283997567
601,0.0074370196191162405
602,-0.003177697319388237
603,-0.007800554451956663
604,-0.00028094501567206743
605,0.0017845914299221748
606,-0.005570451978031668
607,-0.009979770704757671
608,0.000673323510073612
609,-0.0007253559258074111
610,0.0024374926202033005
611,-0.0054858634412010025
612,-0.00759865518960752
613,0.0041359253752286
614,0.0014595380279059523
615,-0.0028218989571127243
616,-0.0032911597057886165
617,-0.006571151484776726
618,0.0008906573653547368
619,0.006156056513456585
620,0.007585344908043547
621,-0.002426678953307851
622,0.004317484125784043
623,0.001562598443963978
624,0.006550954766686163
625,-0.006920690527773495
626,-0.009415151663673538
627,0.004442882550724254
628,0.00740040337144041
629,0.0010296785992867333
630,0.00031095448672112397
631,-0.0025561554496015583
632,0.00376474659666541
633,0.009906489628246315
634,-0.00669499537901809
635,0.003212515597980369
636,-0.0031884506635946573
637,0.00362913415364218
638,0.0014456969794270794
639,-0.001490437438430006
640,-0.0076814485568076326
641,-0.0002979897869609133
642,-0.00325239989517807
643,0.001413315677504199
644,0.0003873465727299285
645,-0.002408635841954303
646,0.008570149392009906
647,0.007878455570236935
648,-0.0004137172220549586
649,0.005925794240807803
650,-0.0062620390140544725
651,-0.009171384509179661
652,0.00286756533974365
653,-0.003246659136370773
654,-0.0014402591206938123
655,0.013671992882380125
656,0.009457077361025893
657,0.010128763283678312
658,0.007981386558580755
659,-0.0015906426850511937
660,0.004376642027765448
661,0.0063217597673270185
662,0.003380959192230657
663,0.008063558130030577
664,0.005621399447220709
665,0.005690433338350138
666,-0.007105123794157572
667,-0.00999064511857553
668,0.0006850757120442427
669,0.0014105352766792419
670,-0.0035257734233962138
671,0.0043196636348250455
672,-0.004098329998624381
673,0.004576317823227897
674,0.001464199999944182
675,-0.003852404550994407
676,-0.00032077778516194984
677,-0.0069692153605207426
678,-0.007144042938732735
679,0.005085773732763649
680,0.005759455884757148
681,6.737335771141411e-05
682,-0.011979884342064082
683,-0.0009271442146709013
684,0.004168825450207832
685,0.0036870761154320407
686,-0.00103330324346
687,0.0013956133867276965
688,0.002394195553801088
689,-0.0007735020949594499
690,-0.005656861067887489
691,-0.0022815840389551665
692,0.00032315408579282004
693,-0.004022607034239459
694,-0.008140628809982479
695,0.0054534956528390546
696,0.0048820579714528795
697,0.006189355140425958
698,-0.002166495117101474
699,0.0069322661546301866
700,-0.00775242466357943
701,-0.003978907310168368
702,-0.0006888211830780857
703,-0.0017562183372439545
704,-0.003425312932587188
705,-0.003842845663269068
706,-0.007022810564828917
707,-0.005518488181681455
708,0.006064098329426775
709,0.00395648257828224
710,0.005402847826890126
711,0.0007949107651397
712,-0.006685320125606126
713,-0.006558527757486958
714,-5.3102127267549195e-05
715,0.00231348776799036
716,-0.001959655195938781
717,-0.004368406748268334
718,-0.0017027982372034396
719,-0.009274091809428332
720,-0.004412714666894489
721,-0.006137545038448219
722,0.014620244080022765
723,0.0008282957975738845
724,-0.009593324290042306
725,-0.0018138800294037792
726,0.0038414271885040194
727,-0.008468689171917863
728,0.0028940491148540808
729,0.011455449795716988
730,-0.0008487455746425709
731,-0.004397914450231281
732,-0.002301266152114898
733,-0.00701604253053499
734,-0.00931815955226726
735,0.0054471410699519565
736,0.005630418552851876
737,-0.008058309169169778
738,0.012343177300683341
739,0.008705135252986636
740,-0.0011819925960217987
741,-0.003294413161320259
742,0.001292689470952984
743,-0.0017480165704820412
744,-0.002874254870046749
745,0.004685718547186881
746,0.008254169555058716
747,0.014910172758938372
748,-0.0029136252703153777
749,0.0008201104051967112
750,-0.003824138941645023
751,-0.0042494993596095
752,0.00056736580689216
753,-0.010033297840790269
754,-0.009852550273803204
755,0.0018052574440309331
756,-0.008856970906794284
757,0.005677043045137683
758,-0.008484436159949567
759,0.011951425866788394
760,-0.0076483959661769445
761,-0.001827789196715451
762,0.0016974299024812888
763,-0.0022616945307527437
764,-0.007286716278597444
765,-0.006654476894897869
766,-0.0020711527025548907
767,0.004543555373167453
768,-0.007144418560036336
769,-0.008929294765803219
770,0.012126561383385102
771,0.0020709321648075913
772,0.009099767462998742
773,0.00969418548021439
774,0.0021461149122820444
775,-0.008800103861796128
776,-0.005717547733015652
777,-0.002838393167091707
778,0.003299559309132123
779,-0.00393104420103759
780,0.00025140252392170606
781,-0.0007255874473945125
782,0.0012523489262119922
783,-0.002871025136919262
784,0.004186990531322995
785,0.0014011769342879463
786,0.003432721955440786
787,-0.009068790642357822
788,0.012346396226062257
789,-0.008600649504700386
790,0.007781593059747803
791,0.0027264740311300213
792,-0.004156357189982483
793,-0.004210015323395435
794,0.0042860666303969905
795,-0.00120024541573563
796,-0.006500977648646457
797,-0.00031745929204110573
798,-0.0025766645293277017
799,0.005127216175677805
800,0.0020695727675673924
801,-0.0014396428032149493
802,-0.004973024029420875
803,0.0023250661128321774
804,-0.007000381329550443
805,-0.0011314754052933018
806,-0.006013098446810473
807,0.004698920981392389
808,0.0005159064780234234
809,0.010776896762515302
810,8.97462510452764e-05
811,0.008668020521401632
812,8.66140859144986e-05
813,-0.005256143878853102
814,-0.0006733162232062657
815,-0.005969398569706847
816,-0.004807287904556078
817,0.008940545691848333
818,0.007048883955807936
819,-0.002263627836918147
820,-0.0064734715477724756
821,-0.007633799630787341
822,-0.008986481927122198
823,-0.010923855345665784
824,0.006185173821805431
825,-0.0017882584189456918
826,0.005214087811851874
827,-0.005257702394072818
828,-0.006021194384579056
829,0.0068837210393168525
830,0.004267453907803895
831,-0.006017913211070565
832,0.0009928763974998975
833,0.006697977234307367
834,0.0027278556017384667
835,-0.002561390926783982
836,0.0023496165660822545
837,0.002742039613269931
838,-0.0016270507033564635
839,-0.0005632065994526387
840,-0.0038905589865720555
841,0.005262547437906823
842,-0.004063821287841695
843,0.004356755088955656
844,0.005667359057514575
845,-0.010316763036731439
846,0.0031773940414536388
847,0.003416391365845083
848,0.005463714203024898
849,0.003964925341128097
850,-0.005837380379941507
851,-0.002424605428068843
852,-0.004604038444905054
853,-0.008013978348300376
854,0.004826366289381088
855,0.00953669097364658
856,-0.0006002008112864287
857,0.002988386955998721
858,-0.00683264398673226
859,-0.002208432685722776
860,-0.004079433947023143
861,0.009006270547926921
862,-0.011821526673416878
863,-0.0013535220981820968
864,-0.013726985062371968
865,0.005723726181097233
866,0.009024719748094151
867,0.0018310680461391705
868,0.004668728582866268
869,-0.004792887494214825
870,0.009619957648083339
871,0.006344302863594367
872,0.00025055524241090755
873,-0.008639250039831932
874,-0.006174093670879782
875,-0.0010819459948511565
876,-0.008873277458279712
877,0.007165516330105269
878,-0.00688281010040157
879,-0.0028538503581479633
880,0.006171059930998783
881,0.007651805949954801
882,0.004538880779351346
883,0.013837452928628678
884,0.002322936850457993
885,-0.0002475678146919325
886,0.0008603661112516597
887,0.0046518301905952
888,-0.006462490474209959
889,0.004585271819956053
890,0.005668567066372762
891,-0.00547973953428598
892,0.0011101627800656636
893,-0.00900926949019719
894,0.001551208088222992
895,0.004227542723247406
896,-0.0006804972634630119
897,0.00678170436658989
898,-0.0063868331815355815
899,0.00046967101910590036
900,-0.009704670651143419
901,0.006352915640257734
902,0.005558828205056851
903,-0.0032433180212038492
904,-7.740343970976888e-05
905,-0.0011285861082099605
906,0.00863648227547557
907,0.003979798934595078
908,0.006097357625720827
909,-0.0040486304403541595
910,-0.008650025968089984
911,-0.005485996575416939
912,-0.00032935138395441635
913,0.003124752081172346
914,-0.007708873839799345
915,-0.005463410538340964
916,-0.001989800909694871
917,0.007643621687794422
918,-0.009004618726263281
919,-0.004755097475217727
920,0.0035083309578616195
921,0.003590693814743664
922,-0.010728916355195964
923,0.008202551713440202
924,0.0006684801536106773
925,-0.005175038001091558
926,0.0002187213168912464
927,0.0015097575213731257
928,-0.004831893854571675
929,-0.005465004953976955
930,0.004385911547307148
931,-0.0008024206302507056
932,-0.006534936778094624
933,-0.004995966411130598
934,0.006090708933759195
935,-0.00393868923810037
936,-0.013138400885067842
937,-0.00394315296643505
938,0.005593343509241362
939,-0.008902721454401972
940,0.0069150823897350215
941,-0.004714418723646364
942,0.0018891152168212186
943,0.0060334237735366475
944,-0.006585834560598037
945,-0.0031394927993967725
946,0.001725994765414225
947,0.0035319266724162706
948,-0.010550443148488754
949,0.0006574088260173838
950,-0.008726393375868852
951,0.004061117652603478
952,0.002516617602072304
953,0.011740783945598184
954,0.00046300887197943294
955,0.00018898889944132146
956,0.0007992647411824944
957,-0.002312868268533929
958,-0.0037004135100668096
959,-0.0025903722943143434
960,0.0018438621824996265
961,0.0035913251118594603
962,-0.003199373834445248
963,-0.006920093263486651
964,-0.001992109459243238
965,0.0047605364726808486
966,-0.003266541937021089
967,0.008361873535552016
968,-0.009222506317070259
969,0.008428688029520483
970,-0.0003805220943628357
971,0.003076796685908844
972,-0.008029456966676025
973,-0.006655028847487381
974,0.0008757253552336064
975,-0.008323646926111022
976,-0.003283885427283348
977,0.0071407055068285815
978,-0.0012532424115337976
979,-0.00900452609168052
980,0.0012461628248651095
981,-0.001047457019194899
982,0.008936017656982475
983,0.0007722922131930577
984,-0.003496684836396735
985,0.005567506509673135
986,0.00530900749789324
987,0.0029939545818486028
988,0.007451910635829933
989,-0.001457065845592203
990,0.005387261437617755
991,0.007808188999493341
992,0.008433761816971086
993,-0.0013937646057347987
994,0.012538758201606248
995,-0.0037200033624858768
996,-0.01008851604487421
997,-0.008150777857739166
998,-0.0013503869537734984
999,0.006012665810758214
1000,0.007043289714513157
1001,-0.006525979097398302
1002,-0.00021871136896318147
1003,-0.008293033648249234
1004,-0.005286920371911966
1005,-0.007258101215466806
1006,0.001992963576682869
1007,0.00748283921367099
1008,0.007777702795692852
1009,-0.0019042233261736714
1010,0.004414696500481784
1011,-0.008031898689695588
1012,-0.005068686682893012
1013,-0.00880964772216908
1014,-0.004504701618156711
1015,0.0026923502912291923
1016,0.002459793683822616
1017,-0.00016569946672582544
1018,-0.007126866500656832
1019,0.0027146512995715162
1020,0.003304655187130076
1021,-0.00011542758203059041
1022,-0.005786823816902052
1023,-0.004839857136993037
1024,-0.004226602104385938
1025,-9.4214273870452e-05
1026,0.0021822606582058697
1027,-0.0057661522950205124
1028,0.004550537448481477
1029,0.011990721854501538
1030,-0.0036084841583043747
1031,0.0029402604194753495
1032,0.009426892497624568
1033,-0.0020245973263204728
1034,0.009150330490006117
1035,0.00782415604511201
1036,-0.005523249407242492
1037,-0.0077341804411089855
1038,-0.003716866241127434
1039,0.004678910458713945
1040,-0.0063647865041186165
1041,-0.007466519360269159
1042,0.004370435650510458
1043,0.0007400376336590158
1044,-0.007065038066631327
1045,0.007392586179248302
1046,0.0049414083266695556
1047,0.00722907210248662
1048,-0.003980936626298759
1049,-0.0011307345269935137
1050,-0.003950534345512914
1051,-0.0031430667522574056
1052,0.00996997869564457
1053,-0.0048022693692773444
1054,-0.004613155105057988
1055,0.005751828579025632
1056,-0.010096023717209315
1057,0.004702586405773138
1058,-0.0020830856686713814
1059,0.010992954360853612
1060,0.002356798293781242
1061,0.005118864792951409
1062,0.0051408771011615135
1063,0.006940427818777366
1064,-0.0008181565958543256
1065,-0.005356449010569948
1066,0.006862701621063218
1067,-0.010726817000876571
1068,-9.709880137125822e-05
1069,-0.005796735955768594
1070,0.0037873813189195672
1071,0.0008642719752315237
1072,-0.009624256444603888
1073,-0.004651661364309892
1074,0.0012089388257379146
1075,0.007339074289264813
1076,-0.005291108981107482
1077,-0.0026846183828911404
1078,-0.004743150018373063
1079,0.015259949134562982
1080,0.0060268276277551545
1081,0.002696136535021551
1082,-0.002672116929081915
1083,0.0038145430292189134
1084,0.005419452055114376
1085,0.004298000152035885
1086,-0.0027483918089830535
1087,0.0011337422171671394
1088,0.0033883355651656744
1089,-0.009893918188482878
1090,0.007505769469314736
1091,0.005816625456813304
1092,0.008298808527774969
1093,0.005310625176014986
1094,-0.0003513543487157095
1095,-0.010272290892892427
1096,0.004041735811622981
1097,0.002027066835610038
1098,-0.004596203155444497
1099,-0.006405681606478367
1100,0.0016522465776221736
1101,-0.0029692897324581496
1102,0.0035825452986219244
1103,0.003885707002470668
1104,0.004565796280094363
1105,0.0036570146545575194
1106,0.0018896729874357159
1107,-0.002749282124984755
1108,0.0042835584160735764
1109,-0.007796585412163414
1110,0.005482478561535939
1111,-0.0010175282505313207
1112,-0.0048584041212056785
1113,-0.0024475040689244535
1114,-0.0010821406429995242
1115,0.003659169700839261
1116,0.00549689535692126
1117,0.002983602185858493
1118,0.006423686358368919
1119,-0.00428778670817663
1120,0.003580498226830815
1121,0.00545015502158641
1122,-0.0014511461417847091
1123,-0.0013128839231129259
1124,0.007007931050550195
1125,0.002999279811067299
1126,-0.006210170983827402
1127,-0.0032546999872809022
1128,0.004801931069491063
1129,-0.0011874045227730698
1130,-0.0028735202864257586
1131,-0.004954494452539489
1132,0.003920116085585329
1133,-0.007312032006196093
1134,0.0008194981676883841
1135,-0.0036738230017385096
1136,-0.0064420929526287805
1137,-0.005034588846946884
1138,0.0013072673538286005
1139,-0.004143882043699093
1140,0.006910513416413675
1141,0.008067402391055153
1142,-0.007414420202186279
1143,0.0027673929872593186
1144,-0.004803596719753086
1145,0.0007740832967806339
1146,0.008200412795709688
1147,0.0012393580549450926
1148,0.004826432498942897
1149,0.004003026148794045
1150,-0.00459419836956054
1151,-0.0019734651198582624
1152,0.006766309250366058
1153,0.005156160670153769
1154,0.000623895963189276
1155,-0.0005132928105548019
1156,0.008197932344638717
1157,-0.0026704662014173136
1158,0.006073751420543606
1159,-0.0014494005692361224
1160,0.00789204639568432
1161,0.005559780868946887
1162,-0.000738808213155684
1163,0.011012960653493659
1164,-0.009045792102207332
1165,-0.00021360032167299487
1166,-0.008574755158470128
1167,-0.004590044192344182
1168,0.008713460677208459
1169,0.0007181587483686003
1170,0.004016510709170739
1171,-0.002580576694808888
1172,0.0028724956546307633
1173,0.0032052984156517896
1174,-0.005764530075182947
1175,-0.004477975496073337
1176,-0.0021758953697363723
1177,-0.0013252920225596736
1178,0.01247127762025184
1179,0.005245605312962207
1180,-0.0015536401376656606
1181,-0.009901532783694619
1182,0.00638785291577151
1183,0.007089612543512856
1184,-0.007326043895976412
1185,0.004867291505348914
1186,0.0006644304455000787
1187,-0.0007940472461497116
1188,0.01254336409690002
1189,-0.006834453112515021
1190,-0.01266439878986595
1191,0.0015543917608987967
1192,-0.0006583551204118092
1193,0.0029125159235223737
1194,0.007019509862399834
1195,1.7719074855712596e-05
1196,-0.004591913231144863
1197,0.008175169113480199
1198,0.014623999989699469
1199,-0.0020334483922452066
1200,-0.002197370290587285
1201,0.0008107071116998332
1202,0.0017799059211485683
1203,-0.01022468590632701
1204,-0.011174494093253636
1205,-0.0006300681442387173
1206,-0.00604028837524665
1207,-0.009632701246424933
1208,0.009156135180293627
1209,0.005625083441145985
1210,0.008116053430282794
1211,0.008370973101169864
1212,-0.007058097847753797
1213,-0.003708769701172077
1214,-0.0014425275264245232
1215,-0.00046573043023882246
1216,0.0018262918906865164
1217,-0.00022948048562604806
1218,-0.007692760758642659
1219,0.0022976970433034177
1220,0.006312162796500393
1221,0.004087979919848779
1222,-0.009187696215166881
1223,0.008376818660136287
1224,0.0020921895873263095
1225,0.008832767964811762
1226,-0.0064172321688486175
1227,-0.0026352217798577453
1228,0.00812178264925968
1229,-0.002004945559904129
1230,0.0006925514409304631
1231,0.015243973015629872
1232,0.008930671249671522
1233,-0.007884960354531506
1234,-0.004052072505050455
1235,-0.0024003299980742297
1236,0.0006805384720366838
1237,0.003359479173847005
1238,0.00010887442837631466
1239,-0.0052224344627612995
1240,0.007760597097968403
1241,-8.140588285855872e-05
1242,-0.0016891561626149998
1243,-0.006525132100748357
1244,-0.007567497616604691
1245,0.005683699283130049
1246,-0.003284678012881504
1247,0.007777242466952289
1248,-0.007714796271367439
1249,0.0023143097503565174
1250,-0.005581355077431603
1251,0.009164788662834007
1252,-0.0023766284549154664
1253,0.005256609281267433
1254,-0.0037391592177580665
1255,0.001469574398130516
1256,-0.007694848870013257
1257,-0.006801365266294283
1258,0.008593988146249277
1259,-0.0065474294772763985
1260,0.005084469590623057
1261,-0.006726597050444391
1262,-0.006293950604213268
1263,-0.00860893158033921
1264,0.00612744329173953
1265,-0.0047602358243887186
1266,-0.00011081660813290618
1267,-0.003413928485057436
1268,-0.00816424777308943
1269,-0.005248302816768002
1270,-0.002627986586874381
1271,-0.0018986962359545496
1272,0.004761188228694096
1273,0.0018330967783578259
1274,-0.005665552083378727
1275,-0.007016240979135655
1276,-0.00588655932987195
1277,0.004105892044526569
1278,-0.0036745660034087817
1279,-0.006626836362943706
1280,-0.00010740369483337023
1281,0.006428828194709118
1282,-0.006756196357191591
1283,0.008736361813952613
1284,0.001873647888913273
1285,0.003196334793931496
1286,0.001967943247142831
1287,-0.006905746001082081
1288,-0.009310870491750792
1289,-0.001618046173925932
1290,-0.009239076879506336
1291,-0.0007996434248538246
1292,0.000668966105921597
1293,0.00455518308662697
1294,0.0029830802520096297
1295,0.0012850513940152312
1296,0.0053401103324548106
1297,0.013793624840300759
1298,0.0008137208772731687
1299,0.004774099345551496
1300,0.0006481827641985566
1301,0.0037504094588818146
1302,0.0008706520725261101
1303,0.004284943191522311
1304,-0.006049563342930344
1305,-0.004456958535536795
1306,0.0010493529702528483
1307,0.007334567574685456
1308,0.003854623224924167
1309,-0.003755242096612677
1310,0.00804536982450016
1311,0.004124602209220204
1312,0.0003240797022546209
1313,-0.005073204396200686
1314,-0.003086489042156354
1315,0.0063639715329482675
1316,0.0016221756295146735
1317,0.0037755470119201226
1318,0.0020019386192424386
1319,-0.00031069667352328804
1320,-0.004372035426994968
1321,0.0024782207713308553
1322,-0.008518181454428009
1323,-0.0006682373612359978
1324,0.0037133601123099953
1325,0.007899445005058282
1326,0.007819941004990378
1327,0.007879786447254369
1328,0.0035412505821406912
1329,-0.00784914405725654
1330,-0.0021641493020544337
1331,-0.004791461546546628
1332,0.007662518470587584
1333,0.0007009673586746921
1334,-0.0039691251705149715
1335,0.0004897873176225743
1336,-0.00241456411578824
1337,-0.004504286739670186
1338,0.01207758386492634
1339,-0.000504032366153394
1340,-0.004460273106530603
1341,0.005236765077157771
1342,-0.010436739101376328
1343,0.00020127939345103904
1344,0.004244080498396329
1345,-0.0072092381565673665
1346,0.004827645413818047
1347,-0.00761119918045063
1348,-0.0008773598658439343
1349,-9.874752894434437e-05
1350,0.005901099506916479
1351,0.004925959109834911
1352,0.00631448192804634
1353,-0.00228331548805489
1354,0.009262520037662998
1355,0.013392835034663026
1356,0.01638814360308676
1357,0.0002837729403803583
1358,0.008864005361623116
1359,0.004052090473441903
1360,0.009552528861084826
1361,-0.0033642836824521716
1362,-0.003409612784500517
1363,0.002756419642909358
1364,0.001215672061410513
1365,-0.007861217301148506
1366,-0.0057920540274998275
1367,-0.004881141142058739
1368,0.009596598613296287
1369,0.0001245832028114805
1370,0.005191486493231908
1371,0.0012289610051824929
1372,-0.0004894734519877921
1373,-0.00868619313444719
1374,0.004472080122390113
1375,-0.008130443429072856
1376,0.004987772414460364
1377,-0.011906917765449387
1378,0.004313384295531322
1379,0.0013139673339059121
1380,0.002426453977437767
1381,-0.011742182322660874
1382,-0.0006412997657156852
1383,-2.871199063722449e-06
1384,-0.0045996110716873505
1385,0.0022368959275441006
1386,-0.003832997498683933
1387,0.006739193126142842
1388,-0.007501573654666946
1389,0.0017932778320044864
1390,0.008132122868708022
1391,-0.0025197167910378107
1392,-0.0008619925006893611
1393,0.006208857231163063
1394,0.004201930249049541
1395,0.005262789794926388
1396,0.0055423183162941056
1397,-0.004571569368749964
1398,0.001332393927541731
1399,-0.008015968440632883
1400,-0.0013883195581028667
1401,0.00106508909219324
1402,0.0035612842919262935
1403,-0.004927607999663956
1404,0.003296418646204109
1405,0.00014286237629874103
1406,0.002488830953932617
1407,-0.006513548236018469
1408,-0.0029019747120503903
1409,0.003021235156564764
1410,0.007679541761200846
1411,-0.009809259947992014
1412,0.002029095139512111
1413,-0.00618090583136892
1414,0.007720262316838615
1415,-0.00540531970921082
1416,-0.00023020835083511937
1417,0.002399172818743782
1418,0.009664176596301333
1419,0.005701123726707292
1420,-0.001265154385498843
1421,-0.005296595138307597
1422,0.014057167453448914
1423,0.0008222714380329083
1424,-0.0031793699640179068
1425,-0.0037043172230978557
1426,-0.007250900342507126
1427,0.011691122479739885
1428,0.004390855589592812
1429,0.0014043112914486758
1430,-0.003344196844965767
1431,0.004985356567943341
1432,0.0013118830796691558
1433,0.013216797730793844
1434,0.0028574965963154464
1435,-0.008928960634586777
1436,0.001732104406748249
1437,-0.006988772130516332
1438,-0.003650719951566014
1439,-0.002923927238645661
1440,0.0019429643536468006
1441,0.004829408654065586
1442,0.005391274272348413
1443,-0.0004635580242961865
1444,7.412455394449646e-05
1445,-0.006889115673864771
1446,-0.0003610222901628184
1447,-0.007151239706976463
1448,-0.004279430813471971
1449,0.013083791158132263
1450,-0.0010169696659757985
1451,0.0025632705007379666
1452,0.007112574815808229
1453,-0.008263710542733253
1454,0.00285039066691757
1455,-0.0061187478406156065
1456,-0.0038418300638281256
1457,0.0024474168938539657
1458,-0.005817846474257296
1459,0.0015753712998044624
1460,0.005458178036965711
1461,0.0004221927525680203
1462,0.0037321392708814204
1463,0.0034446694074889805
1464,0.006849057427329694
1465,-0.01048795479683488
1466,0.008397479285761887
1467,0.0008417126785598096
1468,-0.010072094877334117
1469,-0.0016998061652328076
1470,0.005492494541655008
1471,0.00010984243287298816
1472,-0.00375440360474447
1473,0.002357815337651999
1474,0.001002017623598067
1475,-0.006674538616871787
1476,-0.0013485582503461346
1477,0.0004126712172751724
1478,0.0008285750877961616
1479,-0.0003077711076422195
1480,-0.005452056761345082
1481,-0.006782602165412824
1482,0.009599162534572069
1483,0.007578393492206226
1484,-0.005642067786370566
1485,0.00953504994498792
1486,0.007215921430812946
1487,-0.006708645824529051
1488,0.003846095438021059
1489,-0.000730778541740574
1490,0.00031897232840854536
1491,-0.004396494140441574
1492,-0.007146495165998289
1493,-0.002835201475081205
1494,0.004375735431972532
1495,-0.006521137245501988
1496,0.001110578301372777
1497,-0.004909505191311092
1498,0.007582267589592927
1499,-0.0001277845519551945
1500,0.00636186619494507
1501,0.006962936830312436
1502,0.0022592281514678277
1503,-0.003794141997062186
1504,-0.006511309476086328
1505,-0.006589774644869369
1506,0.007767712564225122
1507,0.004480591603690633
1508,-0.0003613309874414392
1509,0.008800449355966671
1510,-0.00571444181998662
1511,0.0007966113314221794
1512,0.0032334659797774615
1513,0.0028308098989340393
1514,0.007298485691392398
1515,0.0038684322667264315
1516,-0.0028246511596855864
1517,-0.00696765600067903
1518,0.0028987437224176063
1519,-0.005677884358677845
1520,0.00755090663260281
1521,-0.007229451968757191
1522,0.0004395929814411835
1523,-0.012838421607632182
1524,-0.0017363260010638648
1525,0.003285529536826266
1526,0.005086657950227513
1527,0.011411993826397557
1528,-0.005087624241730236
1529,0.004587662791810292
1530,0.011041304164511767
1531,0.002854679393786913
1532,0.004076000604640783
1533,0.007752411158408378
1534,-0.003968949062503264
1535,0.0035705767925693055
1536,-0.005495321156948581
1537,-0.002218977703171416
1538,-0.011033757142519973
1539,-0.011315941951241833
1540,-0.0005992331748321778
1541,-0.0006448805889256897
1542,0.00037584221513864907
1543,-0.0075343361866615065
1544,0.005194045160287759
1545,0.009668460868515784
1546,-0.0022253282354943635
1547,0.004249968993022227
1548,-0.009679060733403346
1549,0.0041806327306393035
1550,-0.010562754233409834
1551,-0.0004342929090933219
1552,0.0026206031636019597
1553,-0.01555873920460992
1554,-0.0037417629095346976
1555,0.003728262880071381
1556,-0.008298613420449073
1557,0.005964491311321923
1558,-0.00012556720175984227
1559,0.006532415873763432
1560,0.0033350191438486355
1561,-0.006172347870721445
1562,-0.006161083544512615
1563,-0.004668999357700877
1564,-0.009489791627201065
1565,0.0041990187203911475
1566,0.008723938752574182
1567,0.0019022253855822632
1568,0.0015495429042910757
1569,-0.012786544640681958
1570,-0.0007847399890764855
1571,-0.005853782009324083
1572,0.002706412253011614
1573,0.0026031900699383693
1574,0.002282667887333194
1575,0.001984017765934655
1576,-0.001079678123458726
1577,-0.0013973674379064525
1578,0.0005340010171421374
1579,-0.007278050899460021
1580,0.0015931320182260632
1581,-0.010503679628680415
1582,0.004174263073009845
1583,-0.007244108536915672
1584,-0.0032373045658365958
1585,-0.0027728545615224925
1586,0.0038148270492419185
1587,0.006465310623207193
1588,-0.0001946025349209795
1589,0.009340337076124142
1590,0.009624332609805136
1591,-0.0012243736333350055
1592,-0.002196884662628649
1593,-0.0009371233908022877
1594,-0.006008358514795655
1595,-0.009575732628244382
1596,0.0010736030609914482
1597,-0.0007337915811107253
1598,0.00590212793445905
1599,0.0007153331357671784
1600,-0.010973851232119143
1601,-0.0033135235555715407
1602,-0.004903342256810475
1603,0.0014700114415675343
1604,0.004589646243824793
1605,0.0021643418993715123
1606,-0.005409971945688906
1607,-0.0009810874511426715
1608,-0.004584692096745965
1609,0.001046384660816688
1610,0.003862606115468153
1611,0.005783919336577173
1612,0.003091465857753736
1613,-0.009983699629509266
1614,-0.0003935463709407036
1615,0.003540797536232764
1616,0.007943535433747222
1617,0.004968142568184522
1618,-0.0070461419946139464
1619,0.002735841050955538
1620,-0.001721807562729092
1621,-0.008246611468368156
1622,0.0008037093674848846
1623,-0.0022129843256271623
1624,-0.0038337683439400544
1625,0.01349003808787064
1626,-0.0015207679935479198
1627,0.006339916996594121
1628,0.003529660286697353
1629,-0.005555727034777476
1630,0.009383983530156795
1631,0.005323557741120544
1632,-0.0020803769532395824
1633,-0.012252784774681403
1634,-0.002866462853914876
1635,-0.003975311317887302
1636,0.005852831525781114
1637,-0.0031116008204418065
1638,0.0008502666390471489
1639,-0.00473842868987747
1640,-0.006624457662616064
1641,-0.004567477407716851
1642,-0.005776111338462875
1643,-0.006516521795791103
1644,0.008985527713898657
1645,0.0060162803664928505
1646,-0.0005840050408477322
1647,-0.008000264235635508
1648,-0.0054499244113151565
1649,-0.011515392141555388
1650,0.005411818607213496
1651,-0.0038675611546453354
1652,0.001151218975390022
1653,-0.00721147546358242
1654,0.008736095144504455
1655,0.006625458584399578
1656,-0.008791200371741383
1657,-0.004070451213602092
1658,7.868016977270773e-05
1659,0.00011659403786951642
1660,0.003277265975094558
1661,0.0039959799772740475
1662,0.004206105852542374
1663,0.008441595692155668
1664,0.00991191835020422
1665,-0.009690922924605331
1666,0.0038802645149038427
1667,-0.0010355015438937264
1668,-0.0030466109753612258
1669,0.0010600981780712778
1670,0.0060510414355322
1671,0.0012596582982985496
1672,-0.009023826819194171
1673,0.0016820158426888493
1674,0.0012657965826497924
1675,-0.0020005181663892957
1676,0.005583744067744715
1677,-0.0017076842936012942
1678,0.0006310693231835473
1679,0.005137673785189169
1680,0.002974050925828498
1681,0.005053672932731046
1682,0.012829000054426203
1683,0.005953738455807967
1684,-0.0007237344141538734
1685,-0.004767586262416948
1686,-0.009476646148233219
1687,0.007922058487617387
1688,-0.010103756152301297
1689,-0.0006821129448416732
1690,0.009462284486353709
1691,0.004122674342306344
1692,-0.0015922483539419741
1693,-0.003063344811888832
1694,-0.006488449013884126
1695,-0.007035612246384329
1696,-0.003527257674656502
1697,0.006126665757670231
1698,0.008133489958922189
1699,-0.0011110220507751195
1700,0.004080742111546036
1701,-0.0002764130736462259
1702,0.0018107815074401967
1703,-0.0018312085475105937
1704,0.0044949709617576215
1705,0.001092045489750491
1706,0.0031600932207385742
1707,-0.0046308854313058785
1708,-0.008294863475766094
1709,0.0033799228067091782
1710,0.008644068539195535
1711,0.0018801943777805219
1712,-0.000322824652695646
1713,-0.0005180108695561433
1714,0.01094266543049896
1715,0.00706004535821467
1716,-0.0022706221486907914
1717,0.0028158311269334785
1718,0.00617966545664721
1719,-0.005344074079921804
1720,0.003031447715274719
1721,-0.0069932146300714865
1722,0.014831127407865985
1723,0.005760016107784836
1724,-0.006076395715591568
1725,0.009986663867123739
1726,0.00482760476261279
1727,0.007236333976738536
1728,0.000271455918705139
1729,-0.0006655128868436113
1730,-0.003474499102348588
1731,0.00033616225327697804
1732,-0.0018335614728925862
1733,-0.0014883287250306622
1734,-0.00424272656512051
1735,0.003948610450498275
1736,-0.0008066626116556056
1737,-0.00043163644352111014
1738,6.638028771065115e-05
1739,0.005811090321070852
1740,0.003317283310609882
1741,0.008980120901223366
1742,0.004225005569290814
1743,-0.008512354675689832
1744,0.006401648588459587
1745,-0.0025688878644227154
1746,0.001439092403946037
1747,0.004837069747739652
1748,0.0018025279429752432
1749,-0.001294498311222616
1750,-0.007704698462248511
1751,-0.0045046233459388385
1752,-0.008983466261231414
1753,0.0049035802510228755
1754,-0.0003133698954620991
1755,-0.01251937501790696
1756,0.0034702967764005405
1757,-0.0014281036712665502
1758,0.003327005549050785
1759,-0.00565790978417595
1760,-0.003115231132437112
1761,-0.002415787155871227
1762,0.004714690854357984
1763,-0.012364422358887404
1764,-0.004047807183966671
1765,0.007101391965505848
1766,-0.0035169819076621813
1767,0.004104419060676217
1768,0.006221673134168646
1769,7.879697807688074e-05
1770,0.005416822098275671
1771,-0.005193083096466102
1772,0.013311611415931644
1773,0.0003932161302964837
1774,-0.002570872212095191
1775,0.005012078198177334
1776,-0.001094312559271916
1777,0.0016997386896180613
1778,0.011407515314510053
1779,-0.0047527708540526245
1780,-0.0008702795330521358
1781,0.005536603338180775
1782,-0.00827217179222426
1783,-0.001498867685654605
1784,0.009504638067612902
1785,0.0045445626718456965
1786,0.003935001136510356
1787,0.0068505325386149256
1788,0.009197611573883161
1789,-0.0019502283085669166
1790,0.0024487512381954975
1791,-0.007529176606466315
1792,-0.009213145290009031
1793,-0.011969714779097126
1794,0.0069869775268898825
1795,0.013084911619244792
1796,-0.006532296267838263
1797,0.012237703063679342
1798,-0.0012804456055387483
1799,0.005362261668195361
1800,-0.005748299542342387
1801,-0.0029177246301083353
1802,0.004546194828437692
1803,0.0025156432967654426
1804,-0.0028350286873204977
1805,0.0023595130877491666
1806,0.006986821943955803
1807,0.003926857971293265
1808,-0.007754979179284989
1809,0.00662239959282902
1810,-0.0015341487984042023
1811,0.005405633260626357
1812,0.0066054455891954335
1813,0.00838240644026345
1814,0.003178124651200273
1815,0.006675647200180115
1816,0.0006868700437773965
1817,-0.005188828065975414
1818,0.004981863079671905
1819,0.009314522457182041
1820,-0.007999194307278334
1821,0.00918474837514696
1822,-0.0011162568905446607
1823,0.010724442372161792
1824,0.0058394752537176565
1825,0.0029951749894897035
1826,-0.007154834760311429
1827,0.006139611162473028
1828,-0.0001636269366581559
1829,-0.007859783029605123
1830,-0.002448359488146535
1831,0.006665400837018576
1832,-0.004568668466770251
1833,0.008625769446159153
1834,0.00561197620099381
1835,0.004895076195057652
1836,-0.011464799583018775
1837,-0.005772895391552796
1838,0.005480288838812616
1839,-0.008321251409777507
1840,-0.0024824159326571472
1841,-0.00101118225662844
1842,0.008116316321696447
1843,-0.007336258440373526
1844,0.007954279820830443
1845,-0.003842091098977792
1846,0.0035969589312633437
1847,0.0013671762473784963
1848,-0.002724851860243757
1849,0.001462749858218528
1850,-0.0028834683443143905
1851,-0.0053227903879635
1852,-0.00843807707549882
1853,-0.00425531072423323
1854,0.003353109374412571
1855,0.010103813554628752
1856,-0.003233958972193545
1857,0.00883976915241699
1858,0.005917844373691167
1859,-0.00737418236010706
1860,0.00308533734948012
1861,-0.006803206790976203
1862,-0.0021462199955241245
1863,-0.007532122458642479
1864,-0.0035097877091312692
1865,0.0051232270502399565
1866,-0.007355698467729374
1867,-0.0020029386450457643
1868,0.005123911069441576
1869,-0.005167688583044824
1870,0.009224420711813052
1871,-0.0017084077900384178
1872,-0.008186426755667088
1873,0.0034523833978650493
1874,-0.007092185255720422
1875,0.007610082151770021
1876,-0.007085385433215547
1877,0.0072230758438061
1878,0.0006639250902975267
1879,-0.0028985208846929273
1880,0.007671030519509656
1881,0.0038511467421523627
1882,-0.0013798942435046496
1883,0.0005451540063746976
1884,-0.005689124603685634
1885,0.007716144118856535
1886,0.0006238433536706924
1887,-0.009224711445735286
1888,-0.006471356545191911
1889,0.0010962778886549262
1890,-0.009593405549516525
1891,-0.007424962742891092
1892,0.008197836302561552
1893,-0.00821950318132972
1894,0.004011817689979481
1895,-0.004033403278381948
1896,0.0074691112789172735
1897,-0.0061151679742026364
1898,0.009185103673897669
1899,0.00012130788345119304
1900,0.003937994695573675
1901,-0.004290190841795319
1902,0.0001699635251269095
1903,-0.008505256883540592
1904,-0.0033610322332855353
1905,0.002636882167707407
1906,0.004136007300077546
1907,-0.004826970184629131
1908,-0.002143098449000111
1909,0.004716997526361352
1910,0.008061901427137273
1911,0.0040039768703332675
1912,-0.007330623346082941
1913,0.0006053760087506526
1914,-0.006244670409404646
1915,-0.0011097407052792054
1916,-0.0014028367158929575
1917,0.012604684228120947
1918,0.005118350039557663
1919,-0.0015030269037689592
1920,0.012225965252823337
1921,-0.00010537180652641991
1922,0.00882046904475096
1923,0.00048288278429993534
1924,-0.004224842339370296
1925,0.002653648747828844
1926,0.00861628478882841
1927,0.011765801202947433
1928,0.0022509588656794677
1929,0.00182879642912189
1930,0.0021534153236624164
1931,-0.00020572384131345493
1932,0.0061005390791339905
1933,-0.003798313750202486
1934,0.0006076802911191477
1935,0.007941635104277076
1936,0.002653738428785717
1937,-0.00385362566408052
1938,-0.0034005201833362496
1939,-0.004371298924755176
1940,0.004272281454582935
1941,0.0020248657714377403
1942,0.00436036003297107
1943,0.0042647558652529356
1944,-0.0081172837156676
1945,-0.0018024909716453322
1946,-0.006262254387236907
1947,0.004379334443849946
1948,-0.0031160039447185417
1949,-0.0030110066782699438
1950,0.0014714214625563733
1951,-7.036950408727158e-05
1952,0.007060052442584985
1953,-0.010697617903308308
1954,0.000900099632317267
1955,0.0002470714903094653
1956,-0.0014204314884377525
1957,0.005782720850462682
1958,0.0049490034374932755
1959,-0.0013987315239691199
1960,-0.005893980897229002
1961,0.0030599397946295855
1962,-0.008478485933163074
1963,0.01449890432156316
1964,0.007263993742054281
1965,-0.009024485822074236
1966,-0.003991155876544183
1967,-0.0044786699658601326
1968,-0.00014902484493674466
1969,0.00841635757200018
1970,-0.004617703306579095
1971,0.005348018572009548
1972,-0.004747891374412305
1973,-0.0031229006940543553
1974,0.007077054898107827
1975,0.005084529836810276
1976,-0.007064344085078341
1977,0.008199915466867377
1978,0.00643253622206386
1979,0.003428047039227698
1980,-0.009563349169264372
1981,0.0011918284637604298
1982,0.0066427688325933895
1983,0.007909476114170968
1984,-0.006105915217735829
1985,0.008261059358330035
1986,0.006334286333002472
1987,0.001653120031663985
1988,-0.0029806693390792786
1989,0.0030153713929468922
1990,-0.005657038330292436
1991,0.003100706017888278
1992,0.0045507336437928805
1993,0.004557783051333491
1994,-0.007928959375274072
1995,-0.0022776391328950315
1996,0.0008683323296240503
1997,0.0012072108712224139
1998,0.0012253503525393348
1999,0.0018679811608418137
2000,-0.00613363341253732
2001,0.0023051304268207336
2002,0.008939937767852103
2003,0.004008394569778546
2004,0.0041485554451949095
2005,-0.0005122316430071774
2006,-0.006911626022051341
2007,-0.004984996730020985
2008,0.0028162592093051568
2009,-0.010365584849994938
2010,0.0016430281182899297
2011,0.006132381542877393
2012,0.012682174144895794
2013,-0.006662308389363018
2014,0.00699385305236918
2015,0.006343426398339173
2016,-0.009518546096218992
2017,-0.003771111817735317
2018,0.0019443004932819029
2019,-0.005038928980244698
2020,-0.004664676444423029
2021,0.004886099245749115
2022,0.008164825287384202
2023,0.0010275252776153175
2024,-0.0043847239037329315
2025,0.0027152804436792184
2026,-0.010256528471739803
2027,0.0012022718947200198
2028,-0.00477508195672414
2029,-0.0066851638355050706
2030,-0.0036798360337742648
2031,-0.0018996822287864576
2032,0.005393673944071875
2033,-0.00376583927195666
2034,0.0006803001227309348
2035,0.0019586555422574786
2036,-0.001768239892238406
2037,-0.004445500792165488
2038,-0.006825083292036847
2039,-0.0020213519577684702
2040,-0.007654128328205999
2041,0.011967714806621267
2042,-0.0018983832784435538
2043,-0.009736000640251931
2044,-0.0009913418166328043
2045,-0.004385410103865454
2046,0.00796035749365461
2047,-0.008427532902431503
2048,0.0027280360933302217
2049,0.0024473404599990134
2050,0.001986704599460173
2051,-0.00570502129515482
2052,0.005308514355825295
2053,0.007901771917176028
2054,0.0027946029695996907
2055,0.010635802158206793
2056,-0.003543540796899882
2057,-0.00029693743000147827
2058,0.013024842509247327
2059,0.006235948643827938
2060,-0.001972452767468443
2061,0.0020321732799107053
2062,0.00042507851344059523
2063,-0.00041651930424416276
2064,0.0016921004355706006
2065,0.00872769761591109
2066,-0.0047297992360166834
2067,-0.0030257423792212153
2068,0.008029996288629453
2069,-0.0023196986052036427
2070,-0.013356448831905435
2071,0.0014068168538554566
2072,0.010781970759122824
2073,-0.005903164642914655
2074,-0.01222637712533481
2075,-0.006977723933368706
2076,-0.001708504597104791
2077,-0.008840237586386766
2078,0.0032249242187711268
2079,0.0011888482357226367
2080,-0.0025296644825278133
2081,-0.007067394279573433
2082,-0.0009235171228213571
2083,-0.0017764161060541616
2084,-0.004942307832533579
2085,0.004857883632269163
2086,0.0010048375526587635
2087,-0.017363764950859527
2088,0.0037729919232741427
2089,-0.006410313780845834
2090,0.002770921850574509
2091,-0.0014284306974190958
2092,0.00963596941337342
2093,0.005796034921635215
2094,0.006925961806702893
2095,0.006338602627542747
2096,-0.00751814726616597
2097,-0.004335108943717182
2098,0.0018029789386572704
2099,0.0048961436657350985
2100,-0.004108391606398967
2101,0.003022758169950089
2102,-0.003852107937877082
2103,0.002938218553668325
2104,0.0009778046516547747
2105,0.001589304147462335
2106,0.01054349031644115
2107,0.006792549090467455
2108,0.00993565037871749
2109,0.008486490867707999
2110,-0.00554877548426529
2111,0.004113355691182862
2112,0.0015555564370795477
2113,-0.00688049284457216
2114,-0.005356923854879921
2115,-0.0028163959845332967
2116,-0.0006745793338703296
2117,0.0012187640109106133
2118,0.004210926163508957
2119,0.003141765401158
2120,-0.0003010899129115345
2121,-0.00466596714722426
2122,0.004949449387492509
2123,-0.007967595575039302
2124,-0.0002045775417757611
2125,0.006722561069514668
2126,0.004004917963920431
2127,-0.005959333291175694
2128,-0.0054112372100290785
2129,-0.002183989790337921
2130,-2.178748963346352e-05
2131,-0.00024051845241990894
2132,-0.003433265099739363
2133,-6.675944436712448e-05
2134,0.002110428321852256
2135,-0.00181154180087618
2136,-0.0012025159015160692
2137,0.002245013160196476
2138,0.0022144245295245943
2139,-0.0027324161711699164
2140,0.008620141969833765
2141,-0.0009834674722520426
2142,-0.0022024781580710926
2143,0.006525921143423825
2144,-0.004698557175785955
2145,0.004694968550012283
2146,-0.002109407835466798
2147,0.005556289090792114
2148,0.0033931068278769206
2149,-0.003598357719695149
2150,0.006244562951577336
2151,-0.0056872098733593435
2152,-0.005354929141504853
2153,-0.004141420869949725
2154,0.0005855607260489556
2155,0.006959298118065394
2156,-0.004620003230330191
2157,0.009887975996860527
2158,0.0005070320076182715
2159,-0.002513036088175177
2160,-0.004037032342923007
2161,0.0044747126370826605
2162,0.0003656651079243016
2163,0.006060398734656179
2164,-0.0035041859564298493
2165,-0.001526234114777905
2166,-0.007765229367970228
2167,0.006149496481887206
2168,-0.007527646541846895
2169,-0.0015731179598568756
2170,-0.004290849366529239
2171,0.006389805326918297
2172,0.00759641800119003
2173,0.0030132904372136976
2174,-0.008242090003227913
2175,0.001772942101853389
2176,-0.004168758120189871
2177,0.006574659418603723
2178,0.00308125889310449
2179,-0.006504210409837822
2180,-0.0018194993924076188
2181,-0.008728946520191353
2182,-0.0070867142764054125
2183,-0.0021821619145921565
2184,-0.0024980017279334506
2185,-0.009055760448016058
2186,-0.0018399145792341398
2187,-0.0018154794001517863
2188,-0.005503212644334822
2189,0.0019733028124648325
2190,-0.006104813988587971
2191,0.009283765363908594
2192,-0.009906991931308867
2193,-0.0026143953506129426
2194,0.006143780105613826
2195,-0.0009922344034458156
2196,-0.005889701832219773
2197,0.0020302295096005407
2198,-0.008336359707841773
2199,0.011965786314161187
2200,0.0038291617422789564
2201,-0.010698319047676354
2202,-0.00041520188416641556
2203,0.006657395719281578
2204,-0.000880975977614279
2205,-0.008064506386944071
2206,0.005512725455659008
2207,-0.006090051814998766
2208,0.007010091026599172
2209,-0.00991745221275673
2210,0.00812342375507181
2211,0.006238083267499408
2212,-0.003957060598632791
2213,-0.006929648642445792
2214,0.007903905271216847
2215,0.007986057187878022
2216,0.0036854769285774385
2217,-0.005633826652056502
2218,0.009585802008383082
2219,0.004004414245560111
2220,0.0029964177340354443
2221,0.005932913108297464
2222,-0.00717929321817136
2223,-0.0026184008857675
2224,0.00990383361617339
2225,0.0007627088148394246
2226,0.005550492479405297
2227,-0.0031937625458770347
2228,-0.008551315140489416
2229,-0.0021326759242852023
2230,-0.008164875946945142
2231,0.011100451753598188
2232,-0.007517799705044061
2233,-0.003715015788705424
2234,0.0011169164437363954
2235,0.0018198769149636064
2236,-0.002101242247890542
2237,-0.0037176889673741385
2238,0.0074940105818798505
2239,-0.006392410435653944
2240,0.004196377938448817
2241,0.008050348077089266
2242,-0.0020751834558732133
2243,0.010630481529447532
2244,-0.0053169092464703015
2245,-0.0030051234061148247
2246,-0.0034968435662633334
2247,-0.003990039486418133
2248,-0.00309182179828178
2249,-0.01126062207838968
2250,-0.0005955045004681722
2251,-0.0011777030935666531
2252,-0.00392587210229278
2253,0.004409167852922782
2254,-0.00940012015492566
2255,-0.00041873501123657053
2256,0.00489480722794354
2257,0.00546707243914807
2258,-4.382467597100589e-05
2259,-0.0014800595708668672
2260,-0.004216263419969095
2261,0.011808601692718693
2262,-0.0037661925748097864
2263,-0.0007163151235193248
2264,-0.005612836470105508
2265,-0.00029030589998638325
2266,-0.007777283085275313
2267,0.00551851798396666
2268,-0.006394826561148502
2269,0.0005543223349646469
2270,-0.0049822558564801625
2271,-0.012441532296267774
2272,0.0051856846474211335
2273,-0.0041075764734201155
2274,-0.0016325348648080636
2275,0.0060042280006200165
2276,0.007120109393735417
2277,0.006528871540905484
2278,0.0027077047343268055
2279,0.001363016032381278
2280,0.0002357503380240585
2281,-0.008031966183013406
2282,0.010167959433306254
2283,0.0037635596277325488
2284,0.0035787036551379902
2285,-0.0023196058778507085
2286,0.0035577639323827156
2287,-0.009183200657580892
2288,0.005069502818851805
2289,0.004866597778251116
2290,-0.002485166080054017
2291,-0.009511783100824686
2292,0.005317360363485609
2293,-0.003041293372635123
2294,0.004958139554517143
2295,-0.008486790507470313
2296,-0.0027224792889584334
2297,0.008148201188686786
2298,-0.0018462341039319752
2299,-0.0024928309605972095
2300,0.00515369039666592
2301,0.006460511519971034
2302,0.00747649809129812
2303,0.0034129106164932995
